Predicted Values,Actual Values
alt.atheism,alt.atheism
misc.forsale,alt.atheism
alt.atheism,alt.atheism
alt.atheism,alt.atheism
alt.atheism,alt.atheism
comp.os.ms-windows.misc,alt.atheism
alt.atheism,alt.atheism
talk.religion.misc,alt.atheism
alt.atheism,alt.atheism
talk.religion.misc,alt.atheism
talk.politics.misc,alt.atheism
alt.atheism,alt.atheism
alt.atheism,alt.atheism
comp.os.ms-windows.misc,alt.atheism
alt.atheism,alt.atheism
alt.atheism,alt.atheism
alt.atheism,alt.atheism
talk.politics.misc,alt.atheism
alt.atheism,alt.atheism
alt.atheism,alt.atheism
sci.space,alt.atheism
rec.sport.hockey,alt.atheism
alt.atheism,alt.atheism
alt.atheism,alt.atheism
soc.religion.christian,alt.atheism
alt.atheism,alt.atheism
talk.religion.misc,alt.atheism
alt.atheism,alt.atheism
alt.atheism,alt.atheism
alt.atheism,alt.atheism
soc.religion.christian,alt.atheism
alt.atheism,alt.atheism
sci.space,alt.atheism
alt.atheism,alt.atheism
sci.space,alt.atheism
soc.religion.christian,alt.atheism
talk.religion.misc,alt.atheism
alt.atheism,alt.atheism
talk.religion.misc,alt.atheism
talk.religion.misc,alt.atheism
alt.atheism,alt.atheism
alt.atheism,alt.atheism
alt.atheism,alt.atheism
alt.atheism,alt.atheism
alt.atheism,alt.atheism
alt.atheism,alt.atheism
talk.religion.misc,alt.atheism
alt.atheism,alt.atheism
alt.atheism,alt.atheism
alt.atheism,alt.atheism
alt.atheism,alt.atheism
alt.atheism,alt.atheism
talk.politics.misc,alt.atheism
talk.religion.misc,alt.atheism
talk.politics.mideast,alt.atheism
alt.atheism,alt.atheism
alt.atheism,alt.atheism
talk.religion.misc,alt.atheism
alt.atheism,alt.atheism
alt.atheism,alt.atheism
alt.atheism,alt.atheism
talk.religion.misc,alt.atheism
alt.atheism,alt.atheism
alt.atheism,alt.atheism
alt.atheism,alt.atheism
alt.atheism,alt.atheism
alt.atheism,alt.atheism
comp.os.ms-windows.misc,alt.atheism
alt.atheism,alt.atheism
alt.atheism,alt.atheism
talk.religion.misc,alt.atheism
alt.atheism,alt.atheism
alt.atheism,alt.atheism
alt.atheism,alt.atheism
talk.religion.misc,alt.atheism
talk.religion.misc,alt.atheism
alt.atheism,alt.atheism
alt.atheism,alt.atheism
alt.atheism,alt.atheism
sci.crypt,alt.atheism
alt.atheism,alt.atheism
alt.atheism,alt.atheism
alt.atheism,alt.atheism
talk.politics.misc,alt.atheism
alt.atheism,alt.atheism
talk.religion.misc,alt.atheism
alt.atheism,alt.atheism
alt.atheism,alt.atheism
alt.atheism,alt.atheism
alt.atheism,alt.atheism
alt.atheism,alt.atheism
alt.atheism,alt.atheism
alt.atheism,alt.atheism
alt.atheism,alt.atheism
alt.atheism,alt.atheism
alt.atheism,alt.atheism
alt.atheism,alt.atheism
alt.atheism,alt.atheism
alt.atheism,alt.atheism
alt.atheism,alt.atheism
comp.graphics,comp.graphics
comp.graphics,comp.graphics
comp.graphics,comp.graphics
comp.os.ms-windows.misc,comp.graphics
sci.space,comp.graphics
comp.graphics,comp.graphics
comp.windows.x,comp.graphics
comp.graphics,comp.graphics
comp.graphics,comp.graphics
comp.graphics,comp.graphics
comp.graphics,comp.graphics
comp.graphics,comp.graphics
comp.graphics,comp.graphics
comp.graphics,comp.graphics
comp.graphics,comp.graphics
comp.graphics,comp.graphics
comp.graphics,comp.graphics
comp.graphics,comp.graphics
comp.graphics,comp.graphics
comp.graphics,comp.graphics
comp.graphics,comp.graphics
comp.graphics,comp.graphics
sci.crypt,comp.graphics
talk.politics.guns,comp.graphics
comp.graphics,comp.graphics
comp.graphics,comp.graphics
comp.graphics,comp.graphics
comp.graphics,comp.graphics
comp.windows.x,comp.graphics
comp.graphics,comp.graphics
misc.forsale,comp.graphics
comp.graphics,comp.graphics
comp.windows.x,comp.graphics
comp.graphics,comp.graphics
comp.graphics,comp.graphics
comp.graphics,comp.graphics
comp.graphics,comp.graphics
comp.graphics,comp.graphics
comp.graphics,comp.graphics
comp.graphics,comp.graphics
comp.graphics,comp.graphics
comp.graphics,comp.graphics
comp.graphics,comp.graphics
comp.graphics,comp.graphics
comp.graphics,comp.graphics
comp.graphics,comp.graphics
comp.os.ms-windows.misc,comp.graphics
comp.graphics,comp.graphics
comp.graphics,comp.graphics
comp.graphics,comp.graphics
comp.graphics,comp.graphics
comp.graphics,comp.graphics
comp.graphics,comp.graphics
sci.med,comp.graphics
comp.graphics,comp.graphics
comp.graphics,comp.graphics
comp.graphics,comp.graphics
comp.graphics,comp.graphics
talk.politics.mideast,comp.graphics
comp.graphics,comp.graphics
comp.graphics,comp.graphics
comp.graphics,comp.graphics
comp.graphics,comp.graphics
comp.graphics,comp.graphics
comp.graphics,comp.graphics
comp.graphics,comp.graphics
comp.graphics,comp.graphics
comp.graphics,comp.graphics
comp.graphics,comp.graphics
comp.graphics,comp.graphics
comp.graphics,comp.graphics
comp.graphics,comp.graphics
comp.graphics,comp.graphics
comp.graphics,comp.graphics
talk.politics.guns,comp.graphics
comp.graphics,comp.graphics
comp.graphics,comp.graphics
comp.graphics,comp.graphics
comp.graphics,comp.graphics
comp.os.ms-windows.misc,comp.graphics
comp.graphics,comp.graphics
comp.graphics,comp.graphics
comp.graphics,comp.graphics
comp.graphics,comp.graphics
alt.atheism,comp.graphics
talk.religion.misc,comp.graphics
talk.politics.guns,comp.graphics
comp.graphics,comp.graphics
sci.med,comp.graphics
comp.graphics,comp.graphics
comp.graphics,comp.graphics
sci.space,comp.graphics
comp.graphics,comp.graphics
comp.graphics,comp.graphics
comp.graphics,comp.graphics
comp.graphics,comp.graphics
comp.graphics,comp.graphics
comp.graphics,comp.graphics
comp.windows.x,comp.graphics
comp.graphics,comp.graphics
comp.os.ms-windows.misc,comp.os.ms-windows.misc
comp.os.ms-windows.misc,comp.os.ms-windows.misc
comp.graphics,comp.os.ms-windows.misc
comp.os.ms-windows.misc,comp.os.ms-windows.misc
comp.os.ms-windows.misc,comp.os.ms-windows.misc
comp.os.ms-windows.misc,comp.os.ms-windows.misc
comp.os.ms-windows.misc,comp.os.ms-windows.misc
comp.os.ms-windows.misc,comp.os.ms-windows.misc
comp.os.ms-windows.misc,comp.os.ms-windows.misc
comp.os.ms-windows.misc,comp.os.ms-windows.misc
comp.os.ms-windows.misc,comp.os.ms-windows.misc
talk.politics.misc,comp.os.ms-windows.misc
comp.os.ms-windows.misc,comp.os.ms-windows.misc
comp.os.ms-windows.misc,comp.os.ms-windows.misc
comp.os.ms-windows.misc,comp.os.ms-windows.misc
comp.os.ms-windows.misc,comp.os.ms-windows.misc
comp.os.ms-windows.misc,comp.os.ms-windows.misc
comp.os.ms-windows.misc,comp.os.ms-windows.misc
comp.os.ms-windows.misc,comp.os.ms-windows.misc
comp.os.ms-windows.misc,comp.os.ms-windows.misc
comp.os.ms-windows.misc,comp.os.ms-windows.misc
comp.os.ms-windows.misc,comp.os.ms-windows.misc
comp.os.ms-windows.misc,comp.os.ms-windows.misc
comp.os.ms-windows.misc,comp.os.ms-windows.misc
comp.os.ms-windows.misc,comp.os.ms-windows.misc
comp.os.ms-windows.misc,comp.os.ms-windows.misc
comp.os.ms-windows.misc,comp.os.ms-windows.misc
comp.os.ms-windows.misc,comp.os.ms-windows.misc
comp.os.ms-windows.misc,comp.os.ms-windows.misc
comp.os.ms-windows.misc,comp.os.ms-windows.misc
comp.os.ms-windows.misc,comp.os.ms-windows.misc
comp.os.ms-windows.misc,comp.os.ms-windows.misc
sci.space,comp.os.ms-windows.misc
comp.os.ms-windows.misc,comp.os.ms-windows.misc
comp.os.ms-windows.misc,comp.os.ms-windows.misc
comp.os.ms-windows.misc,comp.os.ms-windows.misc
comp.os.ms-windows.misc,comp.os.ms-windows.misc
comp.os.ms-windows.misc,comp.os.ms-windows.misc
comp.os.ms-windows.misc,comp.os.ms-windows.misc
comp.os.ms-windows.misc,comp.os.ms-windows.misc
comp.os.ms-windows.misc,comp.os.ms-windows.misc
comp.os.ms-windows.misc,comp.os.ms-windows.misc
comp.os.ms-windows.misc,comp.os.ms-windows.misc
comp.os.ms-windows.misc,comp.os.ms-windows.misc
comp.os.ms-windows.misc,comp.os.ms-windows.misc
comp.os.ms-windows.misc,comp.os.ms-windows.misc
comp.os.ms-windows.misc,comp.os.ms-windows.misc
comp.os.ms-windows.misc,comp.os.ms-windows.misc
comp.os.ms-windows.misc,comp.os.ms-windows.misc
rec.autos,comp.os.ms-windows.misc
comp.os.ms-windows.misc,comp.os.ms-windows.misc
comp.os.ms-windows.misc,comp.os.ms-windows.misc
comp.os.ms-windows.misc,comp.os.ms-windows.misc
comp.os.ms-windows.misc,comp.os.ms-windows.misc
comp.os.ms-windows.misc,comp.os.ms-windows.misc
comp.os.ms-windows.misc,comp.os.ms-windows.misc
misc.forsale,comp.os.ms-windows.misc
comp.os.ms-windows.misc,comp.os.ms-windows.misc
comp.os.ms-windows.misc,comp.os.ms-windows.misc
comp.os.ms-windows.misc,comp.os.ms-windows.misc
comp.os.ms-windows.misc,comp.os.ms-windows.misc
comp.os.ms-windows.misc,comp.os.ms-windows.misc
comp.os.ms-windows.misc,comp.os.ms-windows.misc
comp.os.ms-windows.misc,comp.os.ms-windows.misc
talk.politics.misc,comp.os.ms-windows.misc
comp.os.ms-windows.misc,comp.os.ms-windows.misc
comp.os.ms-windows.misc,comp.os.ms-windows.misc
comp.os.ms-windows.misc,comp.os.ms-windows.misc
comp.os.ms-windows.misc,comp.os.ms-windows.misc
comp.os.ms-windows.misc,comp.os.ms-windows.misc
comp.os.ms-windows.misc,comp.os.ms-windows.misc
comp.os.ms-windows.misc,comp.os.ms-windows.misc
comp.os.ms-windows.misc,comp.os.ms-windows.misc
comp.os.ms-windows.misc,comp.os.ms-windows.misc
talk.politics.mideast,comp.os.ms-windows.misc
comp.os.ms-windows.misc,comp.os.ms-windows.misc
comp.os.ms-windows.misc,comp.os.ms-windows.misc
comp.os.ms-windows.misc,comp.os.ms-windows.misc
comp.os.ms-windows.misc,comp.os.ms-windows.misc
sci.space,comp.os.ms-windows.misc
comp.os.ms-windows.misc,comp.os.ms-windows.misc
comp.os.ms-windows.misc,comp.os.ms-windows.misc
comp.os.ms-windows.misc,comp.os.ms-windows.misc
comp.os.ms-windows.misc,comp.os.ms-windows.misc
comp.os.ms-windows.misc,comp.os.ms-windows.misc
comp.os.ms-windows.misc,comp.os.ms-windows.misc
comp.os.ms-windows.misc,comp.os.ms-windows.misc
comp.os.ms-windows.misc,comp.os.ms-windows.misc
comp.os.ms-windows.misc,comp.os.ms-windows.misc
talk.politics.guns,comp.os.ms-windows.misc
sci.space,comp.os.ms-windows.misc
comp.os.ms-windows.misc,comp.os.ms-windows.misc
comp.os.ms-windows.misc,comp.os.ms-windows.misc
comp.os.ms-windows.misc,comp.os.ms-windows.misc
comp.os.ms-windows.misc,comp.os.ms-windows.misc
comp.os.ms-windows.misc,comp.os.ms-windows.misc
comp.os.ms-windows.misc,comp.os.ms-windows.misc
comp.os.ms-windows.misc,comp.os.ms-windows.misc
comp.os.ms-windows.misc,comp.os.ms-windows.misc
comp.os.ms-windows.misc,comp.os.ms-windows.misc
comp.sys.mac.hardware,comp.sys.ibm.pc.hardware
comp.sys.ibm.pc.hardware,comp.sys.ibm.pc.hardware
comp.sys.ibm.pc.hardware,comp.sys.ibm.pc.hardware
comp.sys.ibm.pc.hardware,comp.sys.ibm.pc.hardware
comp.sys.ibm.pc.hardware,comp.sys.ibm.pc.hardware
comp.sys.ibm.pc.hardware,comp.sys.ibm.pc.hardware
comp.sys.ibm.pc.hardware,comp.sys.ibm.pc.hardware
comp.os.ms-windows.misc,comp.sys.ibm.pc.hardware
comp.os.ms-windows.misc,comp.sys.ibm.pc.hardware
comp.sys.ibm.pc.hardware,comp.sys.ibm.pc.hardware
comp.os.ms-windows.misc,comp.sys.ibm.pc.hardware
comp.sys.ibm.pc.hardware,comp.sys.ibm.pc.hardware
comp.sys.ibm.pc.hardware,comp.sys.ibm.pc.hardware
comp.os.ms-windows.misc,comp.sys.ibm.pc.hardware
sci.space,comp.sys.ibm.pc.hardware
comp.sys.ibm.pc.hardware,comp.sys.ibm.pc.hardware
comp.sys.ibm.pc.hardware,comp.sys.ibm.pc.hardware
comp.os.ms-windows.misc,comp.sys.ibm.pc.hardware
sci.crypt,comp.sys.ibm.pc.hardware
comp.sys.ibm.pc.hardware,comp.sys.ibm.pc.hardware
comp.os.ms-windows.misc,comp.sys.ibm.pc.hardware
comp.sys.ibm.pc.hardware,comp.sys.ibm.pc.hardware
comp.sys.ibm.pc.hardware,comp.sys.ibm.pc.hardware
comp.os.ms-windows.misc,comp.sys.ibm.pc.hardware
comp.sys.ibm.pc.hardware,comp.sys.ibm.pc.hardware
comp.os.ms-windows.misc,comp.sys.ibm.pc.hardware
comp.sys.ibm.pc.hardware,comp.sys.ibm.pc.hardware
comp.sys.ibm.pc.hardware,comp.sys.ibm.pc.hardware
comp.sys.ibm.pc.hardware,comp.sys.ibm.pc.hardware
comp.os.ms-windows.misc,comp.sys.ibm.pc.hardware
talk.politics.mideast,comp.sys.ibm.pc.hardware
talk.politics.mideast,comp.sys.ibm.pc.hardware
comp.sys.ibm.pc.hardware,comp.sys.ibm.pc.hardware
comp.sys.ibm.pc.hardware,comp.sys.ibm.pc.hardware
comp.sys.ibm.pc.hardware,comp.sys.ibm.pc.hardware
comp.sys.ibm.pc.hardware,comp.sys.ibm.pc.hardware
talk.politics.mideast,comp.sys.ibm.pc.hardware
comp.os.ms-windows.misc,comp.sys.ibm.pc.hardware
comp.sys.ibm.pc.hardware,comp.sys.ibm.pc.hardware
comp.sys.ibm.pc.hardware,comp.sys.ibm.pc.hardware
comp.sys.ibm.pc.hardware,comp.sys.ibm.pc.hardware
comp.os.ms-windows.misc,comp.sys.ibm.pc.hardware
comp.os.ms-windows.misc,comp.sys.ibm.pc.hardware
comp.sys.ibm.pc.hardware,comp.sys.ibm.pc.hardware
comp.sys.ibm.pc.hardware,comp.sys.ibm.pc.hardware
comp.sys.ibm.pc.hardware,comp.sys.ibm.pc.hardware
comp.os.ms-windows.misc,comp.sys.ibm.pc.hardware
comp.sys.ibm.pc.hardware,comp.sys.ibm.pc.hardware
comp.sys.ibm.pc.hardware,comp.sys.ibm.pc.hardware
comp.sys.ibm.pc.hardware,comp.sys.ibm.pc.hardware
comp.os.ms-windows.misc,comp.sys.ibm.pc.hardware
comp.sys.ibm.pc.hardware,comp.sys.ibm.pc.hardware
comp.sys.ibm.pc.hardware,comp.sys.ibm.pc.hardware
comp.sys.ibm.pc.hardware,comp.sys.ibm.pc.hardware
sci.electronics,comp.sys.ibm.pc.hardware
misc.forsale,comp.sys.ibm.pc.hardware
comp.os.ms-windows.misc,comp.sys.ibm.pc.hardware
comp.sys.ibm.pc.hardware,comp.sys.ibm.pc.hardware
comp.sys.ibm.pc.hardware,comp.sys.ibm.pc.hardware
sci.space,comp.sys.ibm.pc.hardware
comp.sys.ibm.pc.hardware,comp.sys.ibm.pc.hardware
comp.sys.ibm.pc.hardware,comp.sys.ibm.pc.hardware
comp.os.ms-windows.misc,comp.sys.ibm.pc.hardware
comp.sys.ibm.pc.hardware,comp.sys.ibm.pc.hardware
comp.os.ms-windows.misc,comp.sys.ibm.pc.hardware
comp.sys.ibm.pc.hardware,comp.sys.ibm.pc.hardware
talk.politics.misc,comp.sys.ibm.pc.hardware
comp.graphics,comp.sys.ibm.pc.hardware
comp.os.ms-windows.misc,comp.sys.ibm.pc.hardware
comp.sys.ibm.pc.hardware,comp.sys.ibm.pc.hardware
comp.sys.ibm.pc.hardware,comp.sys.ibm.pc.hardware
comp.sys.ibm.pc.hardware,comp.sys.ibm.pc.hardware
comp.sys.ibm.pc.hardware,comp.sys.ibm.pc.hardware
rec.sport.hockey,comp.sys.ibm.pc.hardware
comp.sys.ibm.pc.hardware,comp.sys.ibm.pc.hardware
comp.os.ms-windows.misc,comp.sys.ibm.pc.hardware
comp.os.ms-windows.misc,comp.sys.ibm.pc.hardware
comp.os.ms-windows.misc,comp.sys.ibm.pc.hardware
comp.os.ms-windows.misc,comp.sys.ibm.pc.hardware
comp.os.ms-windows.misc,comp.sys.ibm.pc.hardware
comp.sys.ibm.pc.hardware,comp.sys.ibm.pc.hardware
comp.sys.ibm.pc.hardware,comp.sys.ibm.pc.hardware
comp.sys.ibm.pc.hardware,comp.sys.ibm.pc.hardware
comp.os.ms-windows.misc,comp.sys.ibm.pc.hardware
comp.sys.ibm.pc.hardware,comp.sys.ibm.pc.hardware
comp.sys.ibm.pc.hardware,comp.sys.ibm.pc.hardware
comp.sys.ibm.pc.hardware,comp.sys.ibm.pc.hardware
comp.sys.ibm.pc.hardware,comp.sys.ibm.pc.hardware
comp.sys.ibm.pc.hardware,comp.sys.ibm.pc.hardware
comp.sys.ibm.pc.hardware,comp.sys.ibm.pc.hardware
comp.sys.ibm.pc.hardware,comp.sys.ibm.pc.hardware
comp.sys.ibm.pc.hardware,comp.sys.ibm.pc.hardware
comp.graphics,comp.sys.ibm.pc.hardware
comp.sys.ibm.pc.hardware,comp.sys.ibm.pc.hardware
comp.sys.ibm.pc.hardware,comp.sys.ibm.pc.hardware
talk.politics.mideast,comp.sys.ibm.pc.hardware
comp.sys.ibm.pc.hardware,comp.sys.ibm.pc.hardware
comp.sys.ibm.pc.hardware,comp.sys.ibm.pc.hardware
comp.os.ms-windows.misc,comp.sys.ibm.pc.hardware
comp.os.ms-windows.misc,comp.sys.ibm.pc.hardware
comp.sys.mac.hardware,comp.sys.mac.hardware
comp.sys.mac.hardware,comp.sys.mac.hardware
comp.sys.mac.hardware,comp.sys.mac.hardware
comp.sys.mac.hardware,comp.sys.mac.hardware
comp.sys.mac.hardware,comp.sys.mac.hardware
comp.sys.mac.hardware,comp.sys.mac.hardware
comp.sys.mac.hardware,comp.sys.mac.hardware
comp.sys.mac.hardware,comp.sys.mac.hardware
comp.sys.mac.hardware,comp.sys.mac.hardware
comp.sys.mac.hardware,comp.sys.mac.hardware
sci.crypt,comp.sys.mac.hardware
comp.sys.mac.hardware,comp.sys.mac.hardware
comp.sys.mac.hardware,comp.sys.mac.hardware
comp.graphics,comp.sys.mac.hardware
comp.sys.mac.hardware,comp.sys.mac.hardware
comp.sys.mac.hardware,comp.sys.mac.hardware
comp.sys.mac.hardware,comp.sys.mac.hardware
rec.autos,comp.sys.mac.hardware
comp.sys.mac.hardware,comp.sys.mac.hardware
comp.windows.x,comp.sys.mac.hardware
comp.os.ms-windows.misc,comp.sys.mac.hardware
comp.os.ms-windows.misc,comp.sys.mac.hardware
misc.forsale,comp.sys.mac.hardware
comp.sys.mac.hardware,comp.sys.mac.hardware
comp.os.ms-windows.misc,comp.sys.mac.hardware
comp.sys.mac.hardware,comp.sys.mac.hardware
comp.os.ms-windows.misc,comp.sys.mac.hardware
comp.os.ms-windows.misc,comp.sys.mac.hardware
comp.sys.mac.hardware,comp.sys.mac.hardware
comp.sys.mac.hardware,comp.sys.mac.hardware
comp.os.ms-windows.misc,comp.sys.mac.hardware
comp.sys.mac.hardware,comp.sys.mac.hardware
comp.sys.mac.hardware,comp.sys.mac.hardware
comp.sys.mac.hardware,comp.sys.mac.hardware
comp.sys.mac.hardware,comp.sys.mac.hardware
comp.os.ms-windows.misc,comp.sys.mac.hardware
comp.sys.mac.hardware,comp.sys.mac.hardware
sci.space,comp.sys.mac.hardware
comp.sys.mac.hardware,comp.sys.mac.hardware
comp.sys.mac.hardware,comp.sys.mac.hardware
comp.windows.x,comp.sys.mac.hardware
comp.sys.mac.hardware,comp.sys.mac.hardware
sci.space,comp.sys.mac.hardware
rec.autos,comp.sys.mac.hardware
comp.os.ms-windows.misc,comp.sys.mac.hardware
comp.sys.mac.hardware,comp.sys.mac.hardware
comp.sys.mac.hardware,comp.sys.mac.hardware
comp.sys.mac.hardware,comp.sys.mac.hardware
comp.os.ms-windows.misc,comp.sys.mac.hardware
comp.sys.mac.hardware,comp.sys.mac.hardware
comp.sys.mac.hardware,comp.sys.mac.hardware
comp.sys.mac.hardware,comp.sys.mac.hardware
comp.os.ms-windows.misc,comp.sys.mac.hardware
comp.sys.ibm.pc.hardware,comp.sys.mac.hardware
comp.sys.mac.hardware,comp.sys.mac.hardware
comp.sys.mac.hardware,comp.sys.mac.hardware
rec.autos,comp.sys.mac.hardware
comp.os.ms-windows.misc,comp.sys.mac.hardware
comp.sys.mac.hardware,comp.sys.mac.hardware
comp.sys.mac.hardware,comp.sys.mac.hardware
comp.sys.mac.hardware,comp.sys.mac.hardware
comp.sys.mac.hardware,comp.sys.mac.hardware
comp.sys.mac.hardware,comp.sys.mac.hardware
comp.sys.mac.hardware,comp.sys.mac.hardware
comp.sys.mac.hardware,comp.sys.mac.hardware
comp.os.ms-windows.misc,comp.sys.mac.hardware
rec.autos,comp.sys.mac.hardware
comp.sys.mac.hardware,comp.sys.mac.hardware
comp.sys.mac.hardware,comp.sys.mac.hardware
comp.sys.mac.hardware,comp.sys.mac.hardware
comp.sys.mac.hardware,comp.sys.mac.hardware
sci.electronics,comp.sys.mac.hardware
comp.sys.mac.hardware,comp.sys.mac.hardware
comp.sys.mac.hardware,comp.sys.mac.hardware
comp.sys.mac.hardware,comp.sys.mac.hardware
comp.sys.mac.hardware,comp.sys.mac.hardware
comp.sys.mac.hardware,comp.sys.mac.hardware
sci.med,comp.sys.mac.hardware
comp.sys.mac.hardware,comp.sys.mac.hardware
comp.sys.mac.hardware,comp.sys.mac.hardware
comp.sys.mac.hardware,comp.sys.mac.hardware
comp.sys.mac.hardware,comp.sys.mac.hardware
comp.sys.mac.hardware,comp.sys.mac.hardware
comp.sys.mac.hardware,comp.sys.mac.hardware
comp.windows.x,comp.sys.mac.hardware
comp.os.ms-windows.misc,comp.sys.mac.hardware
sci.med,comp.sys.mac.hardware
comp.os.ms-windows.misc,comp.sys.mac.hardware
comp.sys.mac.hardware,comp.sys.mac.hardware
comp.sys.mac.hardware,comp.sys.mac.hardware
comp.sys.mac.hardware,comp.sys.mac.hardware
comp.sys.mac.hardware,comp.sys.mac.hardware
comp.sys.mac.hardware,comp.sys.mac.hardware
comp.sys.mac.hardware,comp.sys.mac.hardware
comp.sys.mac.hardware,comp.sys.mac.hardware
comp.os.ms-windows.misc,comp.sys.mac.hardware
comp.sys.mac.hardware,comp.sys.mac.hardware
comp.sys.mac.hardware,comp.sys.mac.hardware
comp.sys.mac.hardware,comp.sys.mac.hardware
comp.sys.mac.hardware,comp.sys.mac.hardware
talk.politics.mideast,comp.windows.x
comp.windows.x,comp.windows.x
comp.windows.x,comp.windows.x
comp.windows.x,comp.windows.x
comp.windows.x,comp.windows.x
comp.windows.x,comp.windows.x
comp.windows.x,comp.windows.x
soc.religion.christian,comp.windows.x
talk.politics.misc,comp.windows.x
comp.windows.x,comp.windows.x
comp.windows.x,comp.windows.x
comp.windows.x,comp.windows.x
comp.windows.x,comp.windows.x
comp.windows.x,comp.windows.x
comp.windows.x,comp.windows.x
comp.windows.x,comp.windows.x
comp.windows.x,comp.windows.x
sci.med,comp.windows.x
comp.windows.x,comp.windows.x
comp.windows.x,comp.windows.x
comp.windows.x,comp.windows.x
sci.space,comp.windows.x
comp.windows.x,comp.windows.x
comp.windows.x,comp.windows.x
comp.windows.x,comp.windows.x
comp.os.ms-windows.misc,comp.windows.x
comp.windows.x,comp.windows.x
comp.windows.x,comp.windows.x
comp.windows.x,comp.windows.x
comp.windows.x,comp.windows.x
comp.windows.x,comp.windows.x
comp.windows.x,comp.windows.x
talk.politics.mideast,comp.windows.x
comp.windows.x,comp.windows.x
comp.windows.x,comp.windows.x
comp.windows.x,comp.windows.x
comp.windows.x,comp.windows.x
comp.windows.x,comp.windows.x
comp.windows.x,comp.windows.x
comp.windows.x,comp.windows.x
comp.windows.x,comp.windows.x
sci.med,comp.windows.x
comp.windows.x,comp.windows.x
comp.windows.x,comp.windows.x
comp.windows.x,comp.windows.x
comp.windows.x,comp.windows.x
comp.windows.x,comp.windows.x
comp.windows.x,comp.windows.x
comp.windows.x,comp.windows.x
comp.windows.x,comp.windows.x
comp.windows.x,comp.windows.x
comp.windows.x,comp.windows.x
comp.windows.x,comp.windows.x
comp.windows.x,comp.windows.x
sci.med,comp.windows.x
comp.windows.x,comp.windows.x
comp.windows.x,comp.windows.x
comp.windows.x,comp.windows.x
comp.windows.x,comp.windows.x
comp.sys.ibm.pc.hardware,comp.windows.x
comp.graphics,comp.windows.x
comp.windows.x,comp.windows.x
comp.windows.x,comp.windows.x
sci.med,comp.windows.x
comp.windows.x,comp.windows.x
talk.politics.mideast,comp.windows.x
comp.windows.x,comp.windows.x
comp.windows.x,comp.windows.x
comp.windows.x,comp.windows.x
comp.windows.x,comp.windows.x
comp.windows.x,comp.windows.x
comp.windows.x,comp.windows.x
comp.windows.x,comp.windows.x
comp.windows.x,comp.windows.x
comp.windows.x,comp.windows.x
comp.windows.x,comp.windows.x
comp.windows.x,comp.windows.x
comp.windows.x,comp.windows.x
comp.windows.x,comp.windows.x
comp.windows.x,comp.windows.x
comp.windows.x,comp.windows.x
comp.windows.x,comp.windows.x
comp.windows.x,comp.windows.x
comp.windows.x,comp.windows.x
comp.windows.x,comp.windows.x
comp.windows.x,comp.windows.x
comp.windows.x,comp.windows.x
comp.windows.x,comp.windows.x
comp.windows.x,comp.windows.x
comp.windows.x,comp.windows.x
comp.windows.x,comp.windows.x
comp.windows.x,comp.windows.x
comp.windows.x,comp.windows.x
comp.windows.x,comp.windows.x
talk.politics.mideast,comp.windows.x
comp.windows.x,comp.windows.x
comp.windows.x,comp.windows.x
talk.religion.misc,comp.windows.x
comp.os.ms-windows.misc,comp.windows.x
comp.windows.x,comp.windows.x
misc.forsale,misc.forsale
misc.forsale,misc.forsale
misc.forsale,misc.forsale
talk.politics.mideast,misc.forsale
misc.forsale,misc.forsale
talk.politics.misc,misc.forsale
misc.forsale,misc.forsale
misc.forsale,misc.forsale
misc.forsale,misc.forsale
misc.forsale,misc.forsale
misc.forsale,misc.forsale
misc.forsale,misc.forsale
sci.crypt,misc.forsale
misc.forsale,misc.forsale
talk.politics.misc,misc.forsale
misc.forsale,misc.forsale
misc.forsale,misc.forsale
misc.forsale,misc.forsale
misc.forsale,misc.forsale
misc.forsale,misc.forsale
misc.forsale,misc.forsale
misc.forsale,misc.forsale
comp.sys.ibm.pc.hardware,misc.forsale
misc.forsale,misc.forsale
sci.med,misc.forsale
misc.forsale,misc.forsale
misc.forsale,misc.forsale
misc.forsale,misc.forsale
misc.forsale,misc.forsale
misc.forsale,misc.forsale
comp.sys.ibm.pc.hardware,misc.forsale
misc.forsale,misc.forsale
misc.forsale,misc.forsale
misc.forsale,misc.forsale
talk.politics.mideast,misc.forsale
comp.os.ms-windows.misc,misc.forsale
comp.os.ms-windows.misc,misc.forsale
misc.forsale,misc.forsale
misc.forsale,misc.forsale
misc.forsale,misc.forsale
misc.forsale,misc.forsale
sci.electronics,misc.forsale
comp.graphics,misc.forsale
misc.forsale,misc.forsale
misc.forsale,misc.forsale
sci.med,misc.forsale
comp.os.ms-windows.misc,misc.forsale
misc.forsale,misc.forsale
misc.forsale,misc.forsale
misc.forsale,misc.forsale
misc.forsale,misc.forsale
misc.forsale,misc.forsale
misc.forsale,misc.forsale
misc.forsale,misc.forsale
misc.forsale,misc.forsale
talk.politics.misc,misc.forsale
misc.forsale,misc.forsale
misc.forsale,misc.forsale
misc.forsale,misc.forsale
comp.graphics,misc.forsale
comp.sys.ibm.pc.hardware,misc.forsale
misc.forsale,misc.forsale
misc.forsale,misc.forsale
misc.forsale,misc.forsale
comp.os.ms-windows.misc,misc.forsale
misc.forsale,misc.forsale
misc.forsale,misc.forsale
sci.crypt,misc.forsale
soc.religion.christian,misc.forsale
misc.forsale,misc.forsale
misc.forsale,misc.forsale
misc.forsale,misc.forsale
misc.forsale,misc.forsale
misc.forsale,misc.forsale
comp.os.ms-windows.misc,misc.forsale
comp.os.ms-windows.misc,misc.forsale
sci.space,misc.forsale
misc.forsale,misc.forsale
sci.med,misc.forsale
misc.forsale,misc.forsale
misc.forsale,misc.forsale
comp.windows.x,misc.forsale
misc.forsale,misc.forsale
misc.forsale,misc.forsale
misc.forsale,misc.forsale
misc.forsale,misc.forsale
misc.forsale,misc.forsale
misc.forsale,misc.forsale
misc.forsale,misc.forsale
misc.forsale,misc.forsale
misc.forsale,misc.forsale
misc.forsale,misc.forsale
misc.forsale,misc.forsale
misc.forsale,misc.forsale
misc.forsale,misc.forsale
sci.space,misc.forsale
comp.os.ms-windows.misc,misc.forsale
misc.forsale,misc.forsale
misc.forsale,misc.forsale
misc.forsale,misc.forsale
rec.autos,rec.autos
rec.autos,rec.autos
rec.autos,rec.autos
rec.autos,rec.autos
rec.autos,rec.autos
rec.autos,rec.autos
sci.space,rec.autos
rec.autos,rec.autos
rec.autos,rec.autos
rec.autos,rec.autos
rec.autos,rec.autos
rec.autos,rec.autos
rec.autos,rec.autos
rec.autos,rec.autos
rec.autos,rec.autos
rec.autos,rec.autos
rec.autos,rec.autos
rec.autos,rec.autos
rec.autos,rec.autos
soc.religion.christian,rec.autos
rec.autos,rec.autos
rec.autos,rec.autos
rec.autos,rec.autos
rec.autos,rec.autos
rec.autos,rec.autos
rec.autos,rec.autos
rec.autos,rec.autos
rec.autos,rec.autos
rec.autos,rec.autos
rec.autos,rec.autos
rec.autos,rec.autos
soc.religion.christian,rec.autos
comp.os.ms-windows.misc,rec.autos
rec.autos,rec.autos
rec.autos,rec.autos
rec.autos,rec.autos
rec.autos,rec.autos
rec.autos,rec.autos
misc.forsale,rec.autos
misc.forsale,rec.autos
rec.autos,rec.autos
rec.autos,rec.autos
rec.autos,rec.autos
rec.autos,rec.autos
sci.crypt,rec.autos
rec.autos,rec.autos
rec.autos,rec.autos
rec.autos,rec.autos
rec.autos,rec.autos
rec.autos,rec.autos
rec.autos,rec.autos
rec.autos,rec.autos
rec.autos,rec.autos
rec.autos,rec.autos
rec.autos,rec.autos
rec.autos,rec.autos
rec.autos,rec.autos
rec.autos,rec.autos
comp.windows.x,rec.autos
rec.autos,rec.autos
rec.autos,rec.autos
rec.autos,rec.autos
rec.autos,rec.autos
rec.autos,rec.autos
rec.autos,rec.autos
rec.autos,rec.autos
rec.autos,rec.autos
rec.autos,rec.autos
rec.autos,rec.autos
rec.autos,rec.autos
rec.autos,rec.autos
rec.autos,rec.autos
rec.autos,rec.autos
rec.autos,rec.autos
comp.os.ms-windows.misc,rec.autos
rec.autos,rec.autos
rec.autos,rec.autos
rec.autos,rec.autos
rec.autos,rec.autos
rec.autos,rec.autos
sci.med,rec.autos
rec.autos,rec.autos
rec.autos,rec.autos
rec.autos,rec.autos
rec.autos,rec.autos
rec.autos,rec.autos
rec.autos,rec.autos
rec.autos,rec.autos
rec.autos,rec.autos
rec.autos,rec.autos
rec.autos,rec.autos
rec.autos,rec.autos
rec.autos,rec.autos
rec.autos,rec.autos
rec.autos,rec.autos
rec.autos,rec.autos
rec.autos,rec.autos
rec.autos,rec.autos
rec.autos,rec.autos
rec.autos,rec.autos
rec.motorcycles,rec.motorcycles
rec.motorcycles,rec.motorcycles
talk.politics.mideast,rec.motorcycles
rec.motorcycles,rec.motorcycles
rec.motorcycles,rec.motorcycles
rec.motorcycles,rec.motorcycles
rec.motorcycles,rec.motorcycles
rec.motorcycles,rec.motorcycles
rec.motorcycles,rec.motorcycles
rec.motorcycles,rec.motorcycles
rec.motorcycles,rec.motorcycles
rec.motorcycles,rec.motorcycles
rec.motorcycles,rec.motorcycles
rec.motorcycles,rec.motorcycles
rec.motorcycles,rec.motorcycles
rec.motorcycles,rec.motorcycles
rec.motorcycles,rec.motorcycles
rec.motorcycles,rec.motorcycles
rec.motorcycles,rec.motorcycles
rec.motorcycles,rec.motorcycles
rec.motorcycles,rec.motorcycles
rec.motorcycles,rec.motorcycles
rec.motorcycles,rec.motorcycles
sci.med,rec.motorcycles
rec.motorcycles,rec.motorcycles
rec.motorcycles,rec.motorcycles
rec.motorcycles,rec.motorcycles
comp.windows.x,rec.motorcycles
rec.motorcycles,rec.motorcycles
rec.motorcycles,rec.motorcycles
rec.motorcycles,rec.motorcycles
rec.motorcycles,rec.motorcycles
rec.motorcycles,rec.motorcycles
rec.motorcycles,rec.motorcycles
rec.motorcycles,rec.motorcycles
rec.motorcycles,rec.motorcycles
sci.electronics,rec.motorcycles
rec.motorcycles,rec.motorcycles
rec.motorcycles,rec.motorcycles
rec.motorcycles,rec.motorcycles
rec.motorcycles,rec.motorcycles
rec.motorcycles,rec.motorcycles
rec.autos,rec.motorcycles
rec.motorcycles,rec.motorcycles
rec.motorcycles,rec.motorcycles
comp.os.ms-windows.misc,rec.motorcycles
rec.motorcycles,rec.motorcycles
rec.motorcycles,rec.motorcycles
rec.motorcycles,rec.motorcycles
rec.motorcycles,rec.motorcycles
rec.motorcycles,rec.motorcycles
rec.motorcycles,rec.motorcycles
rec.motorcycles,rec.motorcycles
rec.motorcycles,rec.motorcycles
rec.motorcycles,rec.motorcycles
rec.motorcycles,rec.motorcycles
rec.motorcycles,rec.motorcycles
rec.motorcycles,rec.motorcycles
rec.motorcycles,rec.motorcycles
rec.motorcycles,rec.motorcycles
rec.motorcycles,rec.motorcycles
rec.motorcycles,rec.motorcycles
rec.motorcycles,rec.motorcycles
rec.motorcycles,rec.motorcycles
rec.motorcycles,rec.motorcycles
rec.motorcycles,rec.motorcycles
rec.motorcycles,rec.motorcycles
rec.motorcycles,rec.motorcycles
rec.motorcycles,rec.motorcycles
rec.motorcycles,rec.motorcycles
rec.motorcycles,rec.motorcycles
rec.motorcycles,rec.motorcycles
rec.motorcycles,rec.motorcycles
rec.motorcycles,rec.motorcycles
rec.motorcycles,rec.motorcycles
rec.motorcycles,rec.motorcycles
rec.motorcycles,rec.motorcycles
rec.motorcycles,rec.motorcycles
rec.motorcycles,rec.motorcycles
rec.motorcycles,rec.motorcycles
rec.motorcycles,rec.motorcycles
rec.motorcycles,rec.motorcycles
rec.motorcycles,rec.motorcycles
rec.motorcycles,rec.motorcycles
rec.motorcycles,rec.motorcycles
rec.motorcycles,rec.motorcycles
rec.motorcycles,rec.motorcycles
rec.motorcycles,rec.motorcycles
rec.motorcycles,rec.motorcycles
rec.motorcycles,rec.motorcycles
rec.motorcycles,rec.motorcycles
rec.motorcycles,rec.motorcycles
comp.windows.x,rec.motorcycles
rec.motorcycles,rec.motorcycles
rec.motorcycles,rec.motorcycles
rec.motorcycles,rec.motorcycles
rec.motorcycles,rec.motorcycles
rec.motorcycles,rec.motorcycles
rec.motorcycles,rec.motorcycles
rec.motorcycles,rec.motorcycles
rec.sport.baseball,rec.sport.baseball
rec.sport.baseball,rec.sport.baseball
rec.sport.baseball,rec.sport.baseball
rec.sport.baseball,rec.sport.baseball
rec.sport.baseball,rec.sport.baseball
rec.sport.baseball,rec.sport.baseball
rec.sport.baseball,rec.sport.baseball
rec.sport.hockey,rec.sport.baseball
rec.sport.baseball,rec.sport.baseball
rec.sport.baseball,rec.sport.baseball
talk.religion.misc,rec.sport.baseball
sci.med,rec.sport.baseball
rec.sport.baseball,rec.sport.baseball
rec.sport.baseball,rec.sport.baseball
rec.sport.baseball,rec.sport.baseball
rec.sport.baseball,rec.sport.baseball
rec.sport.hockey,rec.sport.baseball
rec.sport.baseball,rec.sport.baseball
rec.sport.baseball,rec.sport.baseball
rec.sport.baseball,rec.sport.baseball
rec.sport.baseball,rec.sport.baseball
talk.politics.mideast,rec.sport.baseball
rec.sport.baseball,rec.sport.baseball
rec.sport.baseball,rec.sport.baseball
talk.politics.misc,rec.sport.baseball
rec.sport.baseball,rec.sport.baseball
rec.sport.baseball,rec.sport.baseball
talk.politics.misc,rec.sport.baseball
rec.sport.baseball,rec.sport.baseball
rec.sport.baseball,rec.sport.baseball
rec.sport.baseball,rec.sport.baseball
rec.sport.baseball,rec.sport.baseball
rec.sport.baseball,rec.sport.baseball
rec.sport.baseball,rec.sport.baseball
rec.sport.baseball,rec.sport.baseball
rec.sport.baseball,rec.sport.baseball
rec.sport.baseball,rec.sport.baseball
rec.sport.baseball,rec.sport.baseball
rec.sport.baseball,rec.sport.baseball
rec.sport.baseball,rec.sport.baseball
rec.sport.baseball,rec.sport.baseball
rec.sport.baseball,rec.sport.baseball
rec.sport.baseball,rec.sport.baseball
rec.sport.baseball,rec.sport.baseball
rec.sport.baseball,rec.sport.baseball
rec.sport.baseball,rec.sport.baseball
rec.sport.baseball,rec.sport.baseball
talk.politics.misc,rec.sport.baseball
rec.sport.baseball,rec.sport.baseball
rec.sport.baseball,rec.sport.baseball
talk.politics.misc,rec.sport.baseball
rec.sport.baseball,rec.sport.baseball
rec.sport.baseball,rec.sport.baseball
rec.sport.baseball,rec.sport.baseball
rec.sport.baseball,rec.sport.baseball
rec.sport.baseball,rec.sport.baseball
talk.religion.misc,rec.sport.baseball
talk.politics.mideast,rec.sport.baseball
rec.sport.baseball,rec.sport.baseball
rec.sport.baseball,rec.sport.baseball
rec.sport.baseball,rec.sport.baseball
rec.sport.baseball,rec.sport.baseball
rec.sport.baseball,rec.sport.baseball
rec.sport.baseball,rec.sport.baseball
rec.sport.baseball,rec.sport.baseball
rec.sport.baseball,rec.sport.baseball
rec.sport.baseball,rec.sport.baseball
rec.sport.baseball,rec.sport.baseball
rec.sport.baseball,rec.sport.baseball
rec.sport.baseball,rec.sport.baseball
rec.sport.baseball,rec.sport.baseball
rec.sport.baseball,rec.sport.baseball
rec.sport.baseball,rec.sport.baseball
rec.sport.baseball,rec.sport.baseball
rec.sport.baseball,rec.sport.baseball
rec.sport.baseball,rec.sport.baseball
rec.sport.baseball,rec.sport.baseball
rec.sport.baseball,rec.sport.baseball
rec.sport.baseball,rec.sport.baseball
talk.politics.mideast,rec.sport.baseball
rec.sport.baseball,rec.sport.baseball
rec.sport.baseball,rec.sport.baseball
rec.sport.baseball,rec.sport.baseball
rec.sport.baseball,rec.sport.baseball
rec.sport.baseball,rec.sport.baseball
rec.sport.baseball,rec.sport.baseball
rec.sport.baseball,rec.sport.baseball
talk.politics.misc,rec.sport.baseball
rec.sport.baseball,rec.sport.baseball
rec.sport.baseball,rec.sport.baseball
sci.crypt,rec.sport.baseball
rec.sport.baseball,rec.sport.baseball
rec.sport.baseball,rec.sport.baseball
rec.sport.baseball,rec.sport.baseball
rec.sport.baseball,rec.sport.baseball
rec.sport.baseball,rec.sport.baseball
rec.sport.baseball,rec.sport.baseball
rec.sport.baseball,rec.sport.baseball
rec.sport.baseball,rec.sport.baseball
alt.atheism,rec.sport.baseball
rec.sport.hockey,rec.sport.hockey
rec.sport.hockey,rec.sport.hockey
soc.religion.christian,rec.sport.hockey
rec.sport.hockey,rec.sport.hockey
rec.sport.hockey,rec.sport.hockey
rec.sport.hockey,rec.sport.hockey
rec.sport.hockey,rec.sport.hockey
rec.sport.hockey,rec.sport.hockey
rec.sport.hockey,rec.sport.hockey
rec.sport.hockey,rec.sport.hockey
rec.sport.hockey,rec.sport.hockey
rec.sport.hockey,rec.sport.hockey
rec.sport.hockey,rec.sport.hockey
rec.sport.hockey,rec.sport.hockey
rec.sport.hockey,rec.sport.hockey
misc.forsale,rec.sport.hockey
sci.med,rec.sport.hockey
sci.space,rec.sport.hockey
sci.med,rec.sport.hockey
rec.sport.hockey,rec.sport.hockey
rec.sport.hockey,rec.sport.hockey
soc.religion.christian,rec.sport.hockey
rec.sport.hockey,rec.sport.hockey
rec.sport.hockey,rec.sport.hockey
rec.sport.hockey,rec.sport.hockey
rec.sport.hockey,rec.sport.hockey
rec.sport.hockey,rec.sport.hockey
rec.sport.hockey,rec.sport.hockey
talk.politics.guns,rec.sport.hockey
rec.sport.hockey,rec.sport.hockey
rec.sport.hockey,rec.sport.hockey
rec.sport.hockey,rec.sport.hockey
rec.sport.hockey,rec.sport.hockey
rec.sport.hockey,rec.sport.hockey
rec.sport.hockey,rec.sport.hockey
misc.forsale,rec.sport.hockey
rec.sport.hockey,rec.sport.hockey
rec.sport.hockey,rec.sport.hockey
rec.sport.hockey,rec.sport.hockey
rec.sport.hockey,rec.sport.hockey
rec.sport.hockey,rec.sport.hockey
rec.sport.hockey,rec.sport.hockey
rec.sport.hockey,rec.sport.hockey
comp.os.ms-windows.misc,rec.sport.hockey
rec.sport.hockey,rec.sport.hockey
rec.sport.hockey,rec.sport.hockey
misc.forsale,rec.sport.hockey
misc.forsale,rec.sport.hockey
soc.religion.christian,rec.sport.hockey
rec.sport.hockey,rec.sport.hockey
talk.religion.misc,rec.sport.hockey
rec.sport.hockey,rec.sport.hockey
rec.sport.hockey,rec.sport.hockey
rec.sport.hockey,rec.sport.hockey
rec.sport.hockey,rec.sport.hockey
rec.sport.hockey,rec.sport.hockey
rec.sport.hockey,rec.sport.hockey
talk.politics.mideast,rec.sport.hockey
rec.sport.hockey,rec.sport.hockey
rec.sport.hockey,rec.sport.hockey
rec.sport.hockey,rec.sport.hockey
rec.sport.hockey,rec.sport.hockey
talk.politics.misc,rec.sport.hockey
rec.sport.hockey,rec.sport.hockey
rec.sport.hockey,rec.sport.hockey
rec.sport.hockey,rec.sport.hockey
talk.politics.mideast,rec.sport.hockey
talk.politics.mideast,rec.sport.hockey
rec.sport.hockey,rec.sport.hockey
rec.sport.hockey,rec.sport.hockey
rec.sport.hockey,rec.sport.hockey
talk.politics.mideast,rec.sport.hockey
rec.sport.hockey,rec.sport.hockey
talk.politics.guns,rec.sport.hockey
rec.sport.hockey,rec.sport.hockey
rec.sport.hockey,rec.sport.hockey
rec.sport.hockey,rec.sport.hockey
rec.sport.hockey,rec.sport.hockey
soc.religion.christian,rec.sport.hockey
comp.graphics,rec.sport.hockey
rec.sport.hockey,rec.sport.hockey
rec.sport.hockey,rec.sport.hockey
rec.sport.hockey,rec.sport.hockey
talk.politics.misc,rec.sport.hockey
rec.sport.hockey,rec.sport.hockey
rec.sport.hockey,rec.sport.hockey
rec.sport.hockey,rec.sport.hockey
rec.sport.hockey,rec.sport.hockey
rec.sport.hockey,rec.sport.hockey
rec.sport.hockey,rec.sport.hockey
rec.sport.hockey,rec.sport.hockey
rec.sport.hockey,rec.sport.hockey
rec.sport.hockey,rec.sport.hockey
rec.sport.hockey,rec.sport.hockey
rec.sport.hockey,rec.sport.hockey
rec.sport.hockey,rec.sport.hockey
rec.sport.hockey,rec.sport.hockey
talk.politics.misc,rec.sport.hockey
rec.sport.hockey,rec.sport.hockey
rec.sport.hockey,rec.sport.hockey
sci.crypt,sci.crypt
sci.crypt,sci.crypt
talk.politics.guns,sci.crypt
talk.politics.mideast,sci.crypt
sci.crypt,sci.crypt
comp.os.ms-windows.misc,sci.crypt
sci.crypt,sci.crypt
sci.crypt,sci.crypt
talk.politics.misc,sci.crypt
sci.crypt,sci.crypt
comp.windows.x,sci.crypt
sci.crypt,sci.crypt
sci.crypt,sci.crypt
sci.crypt,sci.crypt
sci.crypt,sci.crypt
sci.crypt,sci.crypt
sci.crypt,sci.crypt
sci.crypt,sci.crypt
sci.crypt,sci.crypt
sci.crypt,sci.crypt
talk.politics.guns,sci.crypt
talk.politics.misc,sci.crypt
sci.crypt,sci.crypt
sci.crypt,sci.crypt
sci.crypt,sci.crypt
sci.crypt,sci.crypt
sci.crypt,sci.crypt
sci.crypt,sci.crypt
sci.crypt,sci.crypt
sci.crypt,sci.crypt
sci.crypt,sci.crypt
talk.politics.misc,sci.crypt
sci.crypt,sci.crypt
sci.crypt,sci.crypt
sci.crypt,sci.crypt
sci.crypt,sci.crypt
talk.politics.misc,sci.crypt
sci.crypt,sci.crypt
sci.crypt,sci.crypt
talk.politics.guns,sci.crypt
sci.crypt,sci.crypt
sci.crypt,sci.crypt
sci.crypt,sci.crypt
sci.crypt,sci.crypt
sci.crypt,sci.crypt
comp.os.ms-windows.misc,sci.crypt
sci.crypt,sci.crypt
sci.crypt,sci.crypt
sci.crypt,sci.crypt
talk.politics.misc,sci.crypt
sci.crypt,sci.crypt
sci.crypt,sci.crypt
sci.crypt,sci.crypt
comp.os.ms-windows.misc,sci.crypt
sci.crypt,sci.crypt
sci.crypt,sci.crypt
sci.crypt,sci.crypt
sci.crypt,sci.crypt
sci.crypt,sci.crypt
sci.crypt,sci.crypt
comp.os.ms-windows.misc,sci.crypt
talk.politics.misc,sci.crypt
sci.crypt,sci.crypt
sci.crypt,sci.crypt
sci.crypt,sci.crypt
sci.crypt,sci.crypt
sci.crypt,sci.crypt
sci.crypt,sci.crypt
comp.os.ms-windows.misc,sci.crypt
sci.crypt,sci.crypt
talk.politics.guns,sci.crypt
sci.crypt,sci.crypt
talk.politics.misc,sci.crypt
sci.crypt,sci.crypt
talk.politics.misc,sci.crypt
sci.crypt,sci.crypt
sci.crypt,sci.crypt
sci.crypt,sci.crypt
comp.os.ms-windows.misc,sci.crypt
sci.crypt,sci.crypt
sci.crypt,sci.crypt
sci.crypt,sci.crypt
sci.crypt,sci.crypt
sci.crypt,sci.crypt
sci.crypt,sci.crypt
sci.crypt,sci.crypt
sci.crypt,sci.crypt
sci.crypt,sci.crypt
sci.crypt,sci.crypt
sci.crypt,sci.crypt
sci.crypt,sci.crypt
talk.politics.mideast,sci.crypt
sci.crypt,sci.crypt
sci.crypt,sci.crypt
sci.crypt,sci.crypt
sci.crypt,sci.crypt
sci.crypt,sci.crypt
sci.crypt,sci.crypt
sci.crypt,sci.crypt
sci.crypt,sci.crypt
sci.electronics,sci.electronics
sci.electronics,sci.electronics
sci.electronics,sci.electronics
sci.electronics,sci.electronics
sci.electronics,sci.electronics
sci.electronics,sci.electronics
sci.electronics,sci.electronics
sci.electronics,sci.electronics
sci.electronics,sci.electronics
sci.electronics,sci.electronics
sci.electronics,sci.electronics
sci.electronics,sci.electronics
sci.electronics,sci.electronics
sci.electronics,sci.electronics
sci.electronics,sci.electronics
sci.electronics,sci.electronics
sci.electronics,sci.electronics
sci.electronics,sci.electronics
sci.electronics,sci.electronics
sci.electronics,sci.electronics
sci.electronics,sci.electronics
sci.electronics,sci.electronics
sci.electronics,sci.electronics
sci.electronics,sci.electronics
sci.electronics,sci.electronics
sci.electronics,sci.electronics
talk.religion.misc,sci.electronics
sci.electronics,sci.electronics
sci.space,sci.electronics
sci.electronics,sci.electronics
sci.electronics,sci.electronics
comp.os.ms-windows.misc,sci.electronics
rec.autos,sci.electronics
rec.sport.hockey,sci.electronics
sci.electronics,sci.electronics
sci.electronics,sci.electronics
sci.electronics,sci.electronics
sci.electronics,sci.electronics
sci.electronics,sci.electronics
sci.electronics,sci.electronics
sci.electronics,sci.electronics
sci.med,sci.electronics
comp.os.ms-windows.misc,sci.electronics
sci.electronics,sci.electronics
sci.electronics,sci.electronics
talk.politics.guns,sci.electronics
sci.electronics,sci.electronics
sci.electronics,sci.electronics
sci.electronics,sci.electronics
sci.med,sci.electronics
misc.forsale,sci.electronics
sci.electronics,sci.electronics
sci.electronics,sci.electronics
sci.electronics,sci.electronics
sci.crypt,sci.electronics
sci.electronics,sci.electronics
sci.electronics,sci.electronics
sci.electronics,sci.electronics
sci.electronics,sci.electronics
sci.electronics,sci.electronics
sci.electronics,sci.electronics
sci.electronics,sci.electronics
comp.os.ms-windows.misc,sci.electronics
sci.electronics,sci.electronics
sci.electronics,sci.electronics
sci.electronics,sci.electronics
sci.electronics,sci.electronics
sci.electronics,sci.electronics
talk.politics.guns,sci.electronics
sci.electronics,sci.electronics
sci.electronics,sci.electronics
sci.electronics,sci.electronics
talk.politics.misc,sci.electronics
sci.electronics,sci.electronics
sci.electronics,sci.electronics
sci.electronics,sci.electronics
sci.electronics,sci.electronics
talk.politics.mideast,sci.electronics
sci.electronics,sci.electronics
talk.politics.misc,sci.electronics
comp.os.ms-windows.misc,sci.electronics
comp.graphics,sci.electronics
sci.electronics,sci.electronics
sci.electronics,sci.electronics
sci.electronics,sci.electronics
sci.electronics,sci.electronics
sci.electronics,sci.electronics
sci.electronics,sci.electronics
sci.electronics,sci.electronics
comp.graphics,sci.electronics
talk.politics.mideast,sci.electronics
sci.electronics,sci.electronics
sci.electronics,sci.electronics
sci.electronics,sci.electronics
sci.electronics,sci.electronics
sci.electronics,sci.electronics
alt.atheism,sci.electronics
sci.electronics,sci.electronics
sci.electronics,sci.electronics
talk.politics.guns,sci.electronics
talk.politics.misc,sci.med
sci.med,sci.med
sci.med,sci.med
sci.med,sci.med
sci.med,sci.med
sci.med,sci.med
sci.med,sci.med
sci.med,sci.med
sci.med,sci.med
sci.med,sci.med
sci.med,sci.med
sci.med,sci.med
sci.med,sci.med
sci.med,sci.med
sci.med,sci.med
sci.med,sci.med
sci.med,sci.med
sci.med,sci.med
sci.med,sci.med
sci.med,sci.med
sci.med,sci.med
sci.med,sci.med
sci.med,sci.med
sci.med,sci.med
sci.med,sci.med
sci.med,sci.med
sci.med,sci.med
sci.med,sci.med
sci.med,sci.med
sci.med,sci.med
sci.med,sci.med
sci.med,sci.med
sci.med,sci.med
sci.med,sci.med
sci.med,sci.med
sci.med,sci.med
sci.med,sci.med
sci.med,sci.med
soc.religion.christian,sci.med
sci.med,sci.med
sci.med,sci.med
sci.med,sci.med
sci.med,sci.med
sci.med,sci.med
sci.med,sci.med
talk.politics.mideast,sci.med
sci.med,sci.med
sci.med,sci.med
sci.med,sci.med
sci.med,sci.med
sci.med,sci.med
sci.med,sci.med
sci.med,sci.med
sci.med,sci.med
sci.med,sci.med
sci.med,sci.med
sci.med,sci.med
sci.med,sci.med
sci.med,sci.med
comp.os.ms-windows.misc,sci.med
sci.med,sci.med
sci.med,sci.med
sci.med,sci.med
comp.os.ms-windows.misc,sci.med
sci.med,sci.med
talk.religion.misc,sci.med
sci.med,sci.med
sci.med,sci.med
sci.med,sci.med
sci.med,sci.med
sci.med,sci.med
sci.med,sci.med
sci.med,sci.med
sci.med,sci.med
sci.med,sci.med
sci.med,sci.med
sci.med,sci.med
sci.med,sci.med
sci.med,sci.med
sci.med,sci.med
sci.med,sci.med
sci.med,sci.med
sci.med,sci.med
sci.med,sci.med
sci.med,sci.med
sci.med,sci.med
sci.med,sci.med
sci.med,sci.med
sci.med,sci.med
sci.med,sci.med
sci.med,sci.med
sci.med,sci.med
sci.med,sci.med
sci.med,sci.med
sci.med,sci.med
sci.med,sci.med
sci.med,sci.med
sci.med,sci.med
sci.med,sci.med
comp.sys.mac.hardware,sci.med
sci.space,sci.space
sci.space,sci.space
sci.space,sci.space
sci.space,sci.space
sci.space,sci.space
sci.space,sci.space
sci.space,sci.space
sci.space,sci.space
sci.space,sci.space
sci.space,sci.space
sci.space,sci.space
sci.space,sci.space
sci.space,sci.space
sci.space,sci.space
sci.space,sci.space
sci.space,sci.space
sci.space,sci.space
sci.space,sci.space
sci.space,sci.space
sci.space,sci.space
sci.space,sci.space
sci.space,sci.space
sci.space,sci.space
sci.space,sci.space
sci.space,sci.space
sci.space,sci.space
sci.space,sci.space
talk.politics.mideast,sci.space
sci.space,sci.space
sci.space,sci.space
sci.space,sci.space
sci.space,sci.space
talk.politics.mideast,sci.space
sci.space,sci.space
sci.space,sci.space
sci.space,sci.space
sci.space,sci.space
sci.space,sci.space
sci.space,sci.space
sci.space,sci.space
sci.space,sci.space
talk.politics.mideast,sci.space
sci.space,sci.space
sci.space,sci.space
sci.space,sci.space
sci.space,sci.space
sci.space,sci.space
sci.space,sci.space
sci.space,sci.space
sci.space,sci.space
sci.space,sci.space
sci.space,sci.space
sci.space,sci.space
sci.space,sci.space
sci.space,sci.space
sci.space,sci.space
sci.space,sci.space
sci.space,sci.space
sci.space,sci.space
sci.space,sci.space
sci.space,sci.space
sci.space,sci.space
sci.med,sci.space
sci.space,sci.space
sci.space,sci.space
sci.space,sci.space
sci.space,sci.space
sci.space,sci.space
sci.space,sci.space
sci.space,sci.space
sci.space,sci.space
sci.space,sci.space
rec.sport.hockey,sci.space
sci.med,sci.space
sci.space,sci.space
talk.religion.misc,sci.space
sci.space,sci.space
comp.graphics,sci.space
sci.space,sci.space
sci.space,sci.space
sci.space,sci.space
sci.space,sci.space
sci.space,sci.space
sci.space,sci.space
sci.space,sci.space
sci.space,sci.space
sci.space,sci.space
sci.space,sci.space
sci.space,sci.space
sci.space,sci.space
sci.med,sci.space
sci.space,sci.space
sci.space,sci.space
talk.politics.misc,sci.space
sci.space,sci.space
sci.space,sci.space
sci.space,sci.space
comp.os.ms-windows.misc,sci.space
sci.space,sci.space
sci.space,sci.space
soc.religion.christian,soc.religion.christian
talk.politics.mideast,soc.religion.christian
talk.politics.misc,soc.religion.christian
soc.religion.christian,soc.religion.christian
soc.religion.christian,soc.religion.christian
soc.religion.christian,soc.religion.christian
soc.religion.christian,soc.religion.christian
talk.politics.mideast,soc.religion.christian
soc.religion.christian,soc.religion.christian
soc.religion.christian,soc.religion.christian
soc.religion.christian,soc.religion.christian
soc.religion.christian,soc.religion.christian
soc.religion.christian,soc.religion.christian
soc.religion.christian,soc.religion.christian
soc.religion.christian,soc.religion.christian
soc.religion.christian,soc.religion.christian
soc.religion.christian,soc.religion.christian
soc.religion.christian,soc.religion.christian
soc.religion.christian,soc.religion.christian
soc.religion.christian,soc.religion.christian
soc.religion.christian,soc.religion.christian
soc.religion.christian,soc.religion.christian
soc.religion.christian,soc.religion.christian
soc.religion.christian,soc.religion.christian
soc.religion.christian,soc.religion.christian
soc.religion.christian,soc.religion.christian
soc.religion.christian,soc.religion.christian
sci.space,soc.religion.christian
soc.religion.christian,soc.religion.christian
soc.religion.christian,soc.religion.christian
soc.religion.christian,soc.religion.christian
soc.religion.christian,soc.religion.christian
soc.religion.christian,soc.religion.christian
soc.religion.christian,soc.religion.christian
soc.religion.christian,soc.religion.christian
soc.religion.christian,soc.religion.christian
soc.religion.christian,soc.religion.christian
talk.politics.mideast,soc.religion.christian
talk.politics.misc,soc.religion.christian
soc.religion.christian,soc.religion.christian
soc.religion.christian,soc.religion.christian
sci.crypt,soc.religion.christian
soc.religion.christian,soc.religion.christian
soc.religion.christian,soc.religion.christian
talk.religion.misc,soc.religion.christian
soc.religion.christian,soc.religion.christian
soc.religion.christian,soc.religion.christian
talk.religion.misc,soc.religion.christian
talk.politics.guns,soc.religion.christian
soc.religion.christian,soc.religion.christian
soc.religion.christian,soc.religion.christian
rec.sport.hockey,soc.religion.christian
soc.religion.christian,soc.religion.christian
soc.religion.christian,soc.religion.christian
soc.religion.christian,soc.religion.christian
soc.religion.christian,soc.religion.christian
soc.religion.christian,soc.religion.christian
soc.religion.christian,soc.religion.christian
soc.religion.christian,soc.religion.christian
soc.religion.christian,soc.religion.christian
soc.religion.christian,soc.religion.christian
soc.religion.christian,soc.religion.christian
soc.religion.christian,soc.religion.christian
soc.religion.christian,soc.religion.christian
comp.graphics,soc.religion.christian
soc.religion.christian,soc.religion.christian
talk.politics.mideast,soc.religion.christian
talk.politics.misc,soc.religion.christian
soc.religion.christian,soc.religion.christian
soc.religion.christian,soc.religion.christian
soc.religion.christian,soc.religion.christian
soc.religion.christian,soc.religion.christian
soc.religion.christian,soc.religion.christian
soc.religion.christian,soc.religion.christian
soc.religion.christian,soc.religion.christian
alt.atheism,soc.religion.christian
soc.religion.christian,soc.religion.christian
soc.religion.christian,soc.religion.christian
soc.religion.christian,soc.religion.christian
soc.religion.christian,soc.religion.christian
soc.religion.christian,soc.religion.christian
soc.religion.christian,soc.religion.christian
soc.religion.christian,soc.religion.christian
sci.space,soc.religion.christian
soc.religion.christian,soc.religion.christian
soc.religion.christian,soc.religion.christian
soc.religion.christian,soc.religion.christian
soc.religion.christian,soc.religion.christian
soc.religion.christian,soc.religion.christian
talk.politics.mideast,soc.religion.christian
soc.religion.christian,soc.religion.christian
soc.religion.christian,soc.religion.christian
soc.religion.christian,soc.religion.christian
sci.crypt,soc.religion.christian
soc.religion.christian,soc.religion.christian
soc.religion.christian,soc.religion.christian
soc.religion.christian,soc.religion.christian
soc.religion.christian,soc.religion.christian
soc.religion.christian,soc.religion.christian
alt.atheism,soc.religion.christian
talk.politics.guns,talk.politics.guns
talk.politics.guns,talk.politics.guns
talk.politics.guns,talk.politics.guns
talk.politics.guns,talk.politics.guns
talk.politics.guns,talk.politics.guns
talk.politics.guns,talk.politics.guns
talk.politics.guns,talk.politics.guns
rec.sport.hockey,talk.politics.guns
talk.politics.guns,talk.politics.guns
talk.politics.guns,talk.politics.guns
talk.politics.guns,talk.politics.guns
talk.politics.guns,talk.politics.guns
talk.politics.guns,talk.politics.guns
talk.politics.guns,talk.politics.guns
talk.politics.mideast,talk.politics.guns
talk.politics.guns,talk.politics.guns
talk.politics.guns,talk.politics.guns
talk.politics.guns,talk.politics.guns
talk.politics.guns,talk.politics.guns
talk.politics.guns,talk.politics.guns
talk.politics.guns,talk.politics.guns
talk.politics.guns,talk.politics.guns
talk.politics.guns,talk.politics.guns
talk.politics.guns,talk.politics.guns
talk.politics.mideast,talk.politics.guns
talk.politics.guns,talk.politics.guns
talk.politics.misc,talk.politics.guns
soc.religion.christian,talk.politics.guns
talk.politics.guns,talk.politics.guns
talk.religion.misc,talk.politics.guns
talk.politics.guns,talk.politics.guns
talk.politics.guns,talk.politics.guns
talk.politics.guns,talk.politics.guns
talk.politics.guns,talk.politics.guns
talk.religion.misc,talk.politics.guns
talk.politics.guns,talk.politics.guns
talk.politics.guns,talk.politics.guns
talk.politics.guns,talk.politics.guns
talk.politics.guns,talk.politics.guns
talk.politics.guns,talk.politics.guns
talk.politics.guns,talk.politics.guns
talk.politics.guns,talk.politics.guns
talk.politics.guns,talk.politics.guns
talk.politics.mideast,talk.politics.guns
talk.politics.guns,talk.politics.guns
talk.politics.guns,talk.politics.guns
talk.politics.guns,talk.politics.guns
talk.politics.guns,talk.politics.guns
talk.politics.guns,talk.politics.guns
talk.politics.guns,talk.politics.guns
talk.politics.guns,talk.politics.guns
talk.politics.guns,talk.politics.guns
talk.politics.guns,talk.politics.guns
talk.politics.guns,talk.politics.guns
talk.politics.guns,talk.politics.guns
talk.politics.guns,talk.politics.guns
talk.politics.guns,talk.politics.guns
talk.politics.guns,talk.politics.guns
talk.politics.guns,talk.politics.guns
soc.religion.christian,talk.politics.guns
sci.space,talk.politics.guns
talk.politics.guns,talk.politics.guns
talk.politics.guns,talk.politics.guns
talk.politics.guns,talk.politics.guns
talk.politics.guns,talk.politics.guns
talk.politics.guns,talk.politics.guns
talk.politics.guns,talk.politics.guns
talk.politics.guns,talk.politics.guns
talk.politics.guns,talk.politics.guns
talk.politics.guns,talk.politics.guns
talk.politics.guns,talk.politics.guns
talk.politics.guns,talk.politics.guns
talk.politics.guns,talk.politics.guns
talk.politics.guns,talk.politics.guns
talk.politics.guns,talk.politics.guns
talk.politics.guns,talk.politics.guns
talk.politics.guns,talk.politics.guns
soc.religion.christian,talk.politics.guns
talk.religion.misc,talk.politics.guns
talk.politics.guns,talk.politics.guns
talk.politics.guns,talk.politics.guns
talk.politics.misc,talk.politics.guns
talk.politics.guns,talk.politics.guns
talk.politics.guns,talk.politics.guns
talk.politics.guns,talk.politics.guns
talk.politics.guns,talk.politics.guns
talk.politics.guns,talk.politics.guns
talk.politics.guns,talk.politics.guns
talk.politics.guns,talk.politics.guns
talk.politics.guns,talk.politics.guns
sci.med,talk.politics.guns
talk.politics.guns,talk.politics.guns
talk.politics.guns,talk.politics.guns
talk.politics.guns,talk.politics.guns
talk.politics.guns,talk.politics.guns
talk.politics.guns,talk.politics.guns
talk.politics.guns,talk.politics.guns
talk.politics.guns,talk.politics.guns
talk.politics.guns,talk.politics.guns
talk.politics.guns,talk.politics.guns
talk.politics.mideast,talk.politics.mideast
talk.politics.misc,talk.politics.mideast
talk.politics.mideast,talk.politics.mideast
talk.politics.mideast,talk.politics.mideast
talk.politics.mideast,talk.politics.mideast
talk.politics.mideast,talk.politics.mideast
talk.politics.mideast,talk.politics.mideast
talk.politics.mideast,talk.politics.mideast
talk.politics.mideast,talk.politics.mideast
talk.politics.mideast,talk.politics.mideast
talk.politics.mideast,talk.politics.mideast
talk.politics.mideast,talk.politics.mideast
talk.politics.mideast,talk.politics.mideast
talk.politics.mideast,talk.politics.mideast
talk.politics.mideast,talk.politics.mideast
talk.politics.mideast,talk.politics.mideast
talk.politics.mideast,talk.politics.mideast
talk.politics.mideast,talk.politics.mideast
talk.politics.mideast,talk.politics.mideast
talk.politics.mideast,talk.politics.mideast
talk.politics.mideast,talk.politics.mideast
talk.politics.misc,talk.politics.mideast
talk.politics.mideast,talk.politics.mideast
talk.politics.mideast,talk.politics.mideast
talk.politics.mideast,talk.politics.mideast
talk.politics.mideast,talk.politics.mideast
talk.politics.mideast,talk.politics.mideast
talk.politics.mideast,talk.politics.mideast
talk.politics.mideast,talk.politics.mideast
talk.politics.mideast,talk.politics.mideast
talk.politics.misc,talk.politics.mideast
talk.politics.mideast,talk.politics.mideast
talk.politics.mideast,talk.politics.mideast
talk.politics.mideast,talk.politics.mideast
talk.politics.misc,talk.politics.mideast
talk.politics.mideast,talk.politics.mideast
talk.politics.mideast,talk.politics.mideast
talk.politics.mideast,talk.politics.mideast
talk.politics.mideast,talk.politics.mideast
talk.politics.misc,talk.politics.mideast
talk.politics.mideast,talk.politics.mideast
talk.politics.mideast,talk.politics.mideast
alt.atheism,talk.politics.mideast
talk.politics.mideast,talk.politics.mideast
talk.politics.mideast,talk.politics.mideast
talk.politics.mideast,talk.politics.mideast
talk.politics.mideast,talk.politics.mideast
talk.politics.mideast,talk.politics.mideast
talk.politics.mideast,talk.politics.mideast
talk.politics.mideast,talk.politics.mideast
talk.politics.mideast,talk.politics.mideast
talk.politics.mideast,talk.politics.mideast
talk.politics.mideast,talk.politics.mideast
talk.politics.mideast,talk.politics.mideast
talk.politics.mideast,talk.politics.mideast
talk.politics.mideast,talk.politics.mideast
talk.politics.mideast,talk.politics.mideast
talk.politics.mideast,talk.politics.mideast
talk.politics.mideast,talk.politics.mideast
talk.politics.mideast,talk.politics.mideast
talk.politics.mideast,talk.politics.mideast
talk.politics.mideast,talk.politics.mideast
talk.politics.mideast,talk.politics.mideast
talk.politics.mideast,talk.politics.mideast
talk.politics.mideast,talk.politics.mideast
talk.politics.mideast,talk.politics.mideast
talk.politics.mideast,talk.politics.mideast
talk.politics.mideast,talk.politics.mideast
talk.politics.misc,talk.politics.mideast
talk.politics.mideast,talk.politics.mideast
talk.politics.mideast,talk.politics.mideast
talk.politics.mideast,talk.politics.mideast
talk.politics.mideast,talk.politics.mideast
talk.politics.mideast,talk.politics.mideast
talk.politics.mideast,talk.politics.mideast
talk.politics.mideast,talk.politics.mideast
talk.politics.mideast,talk.politics.mideast
talk.politics.mideast,talk.politics.mideast
talk.politics.mideast,talk.politics.mideast
talk.politics.mideast,talk.politics.mideast
talk.politics.mideast,talk.politics.mideast
talk.politics.mideast,talk.politics.mideast
talk.politics.mideast,talk.politics.mideast
talk.politics.mideast,talk.politics.mideast
talk.politics.mideast,talk.politics.mideast
talk.politics.mideast,talk.politics.mideast
talk.politics.mideast,talk.politics.mideast
talk.politics.mideast,talk.politics.mideast
talk.politics.mideast,talk.politics.mideast
talk.politics.mideast,talk.politics.mideast
talk.politics.misc,talk.politics.mideast
talk.politics.mideast,talk.politics.mideast
talk.politics.mideast,talk.politics.mideast
talk.politics.mideast,talk.politics.mideast
talk.politics.mideast,talk.politics.mideast
talk.politics.mideast,talk.politics.mideast
talk.politics.mideast,talk.politics.mideast
talk.politics.mideast,talk.politics.mideast
talk.politics.mideast,talk.politics.mideast
talk.politics.mideast,talk.politics.mideast
talk.politics.misc,talk.politics.misc
talk.politics.misc,talk.politics.misc
talk.politics.misc,talk.politics.misc
talk.politics.mideast,talk.politics.misc
talk.politics.misc,talk.politics.misc
talk.politics.misc,talk.politics.misc
talk.politics.misc,talk.politics.misc
talk.politics.misc,talk.politics.misc
talk.politics.misc,talk.politics.misc
talk.politics.misc,talk.politics.misc
talk.politics.misc,talk.politics.misc
talk.politics.misc,talk.politics.misc
talk.politics.misc,talk.politics.misc
talk.politics.mideast,talk.politics.misc
talk.politics.mideast,talk.politics.misc
talk.politics.misc,talk.politics.misc
talk.politics.mideast,talk.politics.misc
talk.politics.misc,talk.politics.misc
talk.politics.misc,talk.politics.misc
talk.politics.misc,talk.politics.misc
talk.politics.misc,talk.politics.misc
talk.politics.misc,talk.politics.misc
talk.politics.misc,talk.politics.misc
talk.politics.misc,talk.politics.misc
talk.politics.misc,talk.politics.misc
talk.politics.misc,talk.politics.misc
talk.politics.misc,talk.politics.misc
talk.politics.misc,talk.politics.misc
talk.politics.misc,talk.politics.misc
comp.os.ms-windows.misc,talk.politics.misc
talk.politics.misc,talk.politics.misc
talk.politics.misc,talk.politics.misc
talk.politics.misc,talk.politics.misc
sci.space,talk.politics.misc
talk.politics.misc,talk.politics.misc
talk.politics.misc,talk.politics.misc
talk.religion.misc,talk.politics.misc
talk.politics.misc,talk.politics.misc
talk.politics.misc,talk.politics.misc
talk.religion.misc,talk.politics.misc
talk.politics.misc,talk.politics.misc
alt.atheism,talk.politics.misc
talk.politics.misc,talk.politics.misc
sci.crypt,talk.politics.misc
talk.politics.misc,talk.politics.misc
talk.politics.misc,talk.politics.misc
talk.politics.misc,talk.politics.misc
talk.politics.misc,talk.politics.misc
talk.politics.misc,talk.politics.misc
talk.politics.misc,talk.politics.misc
talk.politics.misc,talk.politics.misc
talk.politics.misc,talk.politics.misc
talk.politics.misc,talk.politics.misc
talk.politics.misc,talk.politics.misc
talk.politics.misc,talk.politics.misc
talk.politics.mideast,talk.politics.misc
talk.politics.misc,talk.politics.misc
talk.politics.misc,talk.politics.misc
talk.politics.misc,talk.politics.misc
talk.politics.guns,talk.politics.misc
talk.politics.misc,talk.politics.misc
talk.politics.misc,talk.politics.misc
talk.politics.misc,talk.politics.misc
talk.religion.misc,talk.politics.misc
talk.religion.misc,talk.politics.misc
talk.politics.misc,talk.politics.misc
talk.politics.misc,talk.politics.misc
talk.politics.misc,talk.politics.misc
talk.politics.misc,talk.politics.misc
talk.religion.misc,talk.politics.misc
talk.religion.misc,talk.politics.misc
talk.politics.mideast,talk.politics.misc
talk.politics.misc,talk.politics.misc
talk.religion.misc,talk.politics.misc
talk.politics.mideast,talk.politics.misc
talk.politics.misc,talk.politics.misc
talk.politics.misc,talk.politics.misc
talk.politics.misc,talk.politics.misc
talk.politics.misc,talk.politics.misc
talk.religion.misc,talk.politics.misc
talk.politics.misc,talk.politics.misc
talk.politics.misc,talk.politics.misc
talk.politics.misc,talk.politics.misc
talk.politics.misc,talk.politics.misc
talk.politics.misc,talk.politics.misc
talk.politics.misc,talk.politics.misc
talk.politics.misc,talk.politics.misc
talk.politics.misc,talk.politics.misc
talk.politics.misc,talk.politics.misc
talk.religion.misc,talk.politics.misc
talk.politics.misc,talk.politics.misc
talk.politics.misc,talk.politics.misc
talk.politics.guns,talk.politics.misc
talk.politics.misc,talk.politics.misc
talk.politics.misc,talk.politics.misc
talk.politics.misc,talk.politics.misc
talk.politics.misc,talk.politics.misc
talk.politics.misc,talk.politics.misc
talk.politics.misc,talk.politics.misc
talk.politics.misc,talk.politics.misc
talk.religion.misc,talk.religion.misc
alt.atheism,talk.religion.misc
talk.politics.mideast,talk.religion.misc
talk.religion.misc,talk.religion.misc
talk.religion.misc,talk.religion.misc
talk.religion.misc,talk.religion.misc
talk.politics.misc,talk.religion.misc
talk.religion.misc,talk.religion.misc
talk.politics.misc,talk.religion.misc
talk.religion.misc,talk.religion.misc
talk.religion.misc,talk.religion.misc
talk.religion.misc,talk.religion.misc
talk.religion.misc,talk.religion.misc
talk.religion.misc,talk.religion.misc
talk.religion.misc,talk.religion.misc
talk.religion.misc,talk.religion.misc
talk.religion.misc,talk.religion.misc
talk.religion.misc,talk.religion.misc
sci.space,talk.religion.misc
talk.politics.misc,talk.religion.misc
talk.religion.misc,talk.religion.misc
talk.religion.misc,talk.religion.misc
talk.religion.misc,talk.religion.misc
talk.religion.misc,talk.religion.misc
talk.politics.mideast,talk.religion.misc
talk.religion.misc,talk.religion.misc
talk.religion.misc,talk.religion.misc
talk.politics.misc,talk.religion.misc
talk.religion.misc,talk.religion.misc
talk.religion.misc,talk.religion.misc
talk.religion.misc,talk.religion.misc
soc.religion.christian,talk.religion.misc
talk.religion.misc,talk.religion.misc
talk.politics.misc,talk.religion.misc
talk.politics.misc,talk.religion.misc
talk.politics.guns,talk.religion.misc
talk.religion.misc,talk.religion.misc
talk.politics.misc,talk.religion.misc
talk.politics.misc,talk.religion.misc
talk.politics.misc,talk.religion.misc
talk.politics.misc,talk.religion.misc
talk.religion.misc,talk.religion.misc
talk.religion.misc,talk.religion.misc
talk.religion.misc,talk.religion.misc
talk.religion.misc,talk.religion.misc
talk.religion.misc,talk.religion.misc
talk.religion.misc,talk.religion.misc
talk.religion.misc,talk.religion.misc
talk.religion.misc,talk.religion.misc
talk.religion.misc,talk.religion.misc
talk.religion.misc,talk.religion.misc
talk.religion.misc,talk.religion.misc
talk.religion.misc,talk.religion.misc
talk.religion.misc,talk.religion.misc
talk.religion.misc,talk.religion.misc
alt.atheism,talk.religion.misc
talk.religion.misc,talk.religion.misc
talk.religion.misc,talk.religion.misc
talk.religion.misc,talk.religion.misc
talk.religion.misc,talk.religion.misc
talk.religion.misc,talk.religion.misc
talk.religion.misc,talk.religion.misc
alt.atheism,talk.religion.misc
talk.religion.misc,talk.religion.misc
talk.religion.misc,talk.religion.misc
talk.politics.guns,talk.religion.misc
alt.atheism,talk.religion.misc
talk.religion.misc,talk.religion.misc
talk.religion.misc,talk.religion.misc
talk.religion.misc,talk.religion.misc
talk.religion.misc,talk.religion.misc
talk.religion.misc,talk.religion.misc
alt.atheism,talk.religion.misc
comp.os.ms-windows.misc,talk.religion.misc
talk.religion.misc,talk.religion.misc
talk.politics.mideast,talk.religion.misc
talk.religion.misc,talk.religion.misc
talk.religion.misc,talk.religion.misc
talk.religion.misc,talk.religion.misc
talk.religion.misc,talk.religion.misc
talk.politics.misc,talk.religion.misc
talk.religion.misc,talk.religion.misc
talk.religion.misc,talk.religion.misc
talk.religion.misc,talk.religion.misc
talk.politics.misc,talk.religion.misc
talk.religion.misc,talk.religion.misc
talk.religion.misc,talk.religion.misc
talk.religion.misc,talk.religion.misc
talk.religion.misc,talk.religion.misc
talk.religion.misc,talk.religion.misc
talk.religion.misc,talk.religion.misc
talk.religion.misc,talk.religion.misc
talk.religion.misc,talk.religion.misc
alt.atheism,talk.religion.misc
talk.religion.misc,talk.religion.misc
talk.religion.misc,talk.religion.misc
alt.atheism,talk.religion.misc
talk.politics.mideast,talk.religion.misc
talk.religion.misc,talk.religion.misc
alt.atheism,talk.religion.misc
